,index,churn,not_churn,churn_yes,predicted
0,4056,0,0.9924052582263267,0.007594741773673144,not_churn
1,6490,0,0.9691727139085373,0.03082728609146262,not_churn
2,6356,0,0.8475678715750365,0.15243212842496376,not_churn
3,5703,0,0.9888383887350649,0.011161611264935343,not_churn
4,1458,0,0.6325140543757457,0.3674859456242543,not_churn
5,4427,0,0.8994750636103688,0.10052493638963124,not_churn
6,772,1,0.7836813680295847,0.21631863197041515,not_churn
7,2074,1,0.3337691400104829,0.666230859989517,churn
8,1049,1,0.41915171957764213,0.5808482804223576,churn
9,76,0,0.885261347526736,0.1147386524732637,not_churn
10,1511,1,0.37811578432266385,0.621884215677336,churn
11,1414,0,0.5234542657063791,0.4765457342936208,not_churn
12,2890,0,0.8842250272463462,0.11577497275365388,not_churn
13,5742,0,0.9771770589773672,0.022822941022632683,not_churn
14,3353,1,0.7697175731875779,0.23028242681242198,not_churn
15,6685,0,0.9794193127169999,0.020580687283000384,not_churn
16,2241,0,0.5593444754342305,0.4406555245657695,not_churn
17,5250,0,0.9505601654185124,0.0494398345814877,not_churn
18,891,1,0.2048343153669915,0.7951656846330084,churn
19,6466,0,0.9706656036015179,0.02933439639848234,not_churn
20,2667,0,0.7566294836135513,0.24337051638644902,not_churn
21,2556,1,0.6314223114506164,0.3685776885493835,not_churn
22,4900,0,0.8361748410668944,0.1638251589331055,not_churn
23,4407,0,0.8021095776131973,0.1978904223868029,not_churn
24,815,1,0.6700695656649626,0.3299304343350372,not_churn
25,6238,0,0.9593400091669662,0.04065999083303381,not_churn
26,6937,0,0.9749092054290664,0.025090794570933318,not_churn
27,5608,0,0.9921665760583837,0.007833423941615947,not_churn
28,4127,0,0.9703596020962226,0.029640397903777312,not_churn
29,4956,1,0.8519123939308098,0.14808760606919022,not_churn
30,1694,1,0.5294464906547917,0.47055350934520823,not_churn
31,6958,0,0.9635883319505286,0.03641166804947123,not_churn
32,2590,0,0.2500945636007956,0.7499054363992042,churn
33,5480,0,0.9935406056996118,0.006459394300388042,not_churn
34,5021,0,0.9173374894043461,0.08266251059565359,not_churn
35,2581,0,0.7060702923532817,0.29392970764671805,not_churn
36,5950,0,0.9955576778486374,0.004442322151362747,not_churn
37,3629,1,0.47104429467114817,0.5289557053288518,churn
38,5378,0,0.9903514233122189,0.00964857668778127,not_churn
39,4193,0,0.99126223419096,0.008737765809039913,not_churn
40,6990,0,0.947523285747654,0.052476714252346006,not_churn
41,4546,0,0.8715787432342753,0.128421256765725,not_churn
42,3464,0,0.9096643132705795,0.09033568672942023,not_churn
43,4808,0,0.8598951257014414,0.14010487429855872,not_churn
44,5651,0,0.9881829588890443,0.011817041110956071,not_churn
45,4997,0,0.9510752855155594,0.04892471448444097,not_churn
46,2443,0,0.529395825747711,0.470604174252289,not_churn
47,4882,0,0.9044636023442939,0.09553639765570629,not_churn
48,861,0,0.1626919007084372,0.8373080992915625,churn
49,651,0,0.4742570870478176,0.5257429129521823,churn
50,3498,1,0.42899874205635585,0.571001257943644,churn
51,5062,0,0.890497563427377,0.10950243657262285,not_churn
52,5859,0,0.9728635024422053,0.027136497557794913,not_churn
53,1300,1,0.35016703755485223,0.6498329624451474,churn
54,5405,0,0.9915641788264605,0.00843582117353964,not_churn
55,5805,0,0.9904563583473046,0.00954364165269504,not_churn
56,4239,0,0.8397265844636104,0.16027341553638988,not_churn
57,955,0,0.2529214918078532,0.7470785081921472,churn
58,5669,0,0.9935959467755491,0.006404053224450678,not_churn
59,5238,0,0.9211892559730517,0.07881074402694821,not_churn
60,5917,0,0.9961399945977634,0.0038600054022367523,not_churn
61,92,0,0.8713680119239542,0.1286319880760456,not_churn
62,5367,0,0.9922885919783999,0.007711408021599768,not_churn
63,1600,1,0.5974923451895269,0.4025076548104733,not_churn
64,2370,0,0.6371283333858347,0.3628716666141654,not_churn
65,4222,0,0.9854651143480324,0.014534885651967784,not_churn
66,6149,0,0.911975165229666,0.08802483477033407,not_churn
67,6633,0,0.8737458958150754,0.12625410418492447,not_churn
68,583,1,0.14856433511228104,0.8514356648877185,churn
69,6933,0,0.9812310082169122,0.018768991783087722,not_churn
70,5098,0,0.951143973844539,0.048856026155460926,not_churn
71,6826,0,0.9662587652987489,0.033741234701251135,not_churn
72,4857,0,0.8485269466207095,0.15147305337929054,not_churn
73,6856,0,0.9749930185106581,0.025006981489342012,not_churn
74,156,0,0.725085755761542,0.27491424423845795,not_churn
75,6492,0,0.9789942455466266,0.021005754453373382,not_churn
76,5079,0,0.9144580390253993,0.08554196097460035,not_churn
77,1869,1,0.4042236872590393,0.5957763127409605,churn
78,4537,0,0.8545379353182209,0.1454620646817793,not_churn
79,6906,0,0.9751110704733762,0.02488892952662369,not_churn
80,5242,0,0.9427278876827522,0.05727211231724832,not_churn
81,6453,0,0.9601964886991183,0.03980351130088178,not_churn
82,4919,0,0.9080029723631943,0.0919970276368054,not_churn
83,3200,0,0.8071426330820916,0.19285736691790858,not_churn
84,3315,0,0.7632708898287959,0.23672911017120402,not_churn
85,5388,0,0.9909067758671379,0.009093224132861897,not_churn
86,6172,0,0.9466786235739879,0.053321376426012285,not_churn
87,1268,1,0.20562561708852578,0.7943743829114741,churn
88,5289,0,0.8190700502299577,0.18092994977004195,not_churn
89,2413,1,0.47339948168965296,0.526600518310347,churn
90,887,1,0.43623327817788266,0.5637667218221175,churn
91,1974,1,0.36702725247272733,0.6329727475272724,churn
92,6913,0,0.9734488000379734,0.026551199962026654,not_churn
93,2139,1,0.28079594217196063,0.7192040578280391,churn
94,1843,1,0.22653734524102412,0.7734626547589762,churn
95,2158,1,0.44521481064042867,0.5547851893595713,churn
96,5105,0,0.9580960364459098,0.041903963554090755,not_churn
97,4798,0,0.9387578916366719,0.061242108363328746,not_churn
98,3208,1,0.8634085969745293,0.13659140302547032,not_churn
99,7040,0,0.976980495046399,0.023019504953601225,not_churn
100,4871,0,0.9468272205906879,0.053172779409312476,not_churn
101,4335,0,0.9166190825042975,0.08338091749570266,not_churn
102,2721,0,0.8452960809405234,0.1547039190594764,not_churn
103,5847,0,0.9889723434073551,0.011027656592644965,not_churn
104,5853,1,0.9954197043538835,0.00458029564611644,not_churn
105,2577,1,0.26306442812515013,0.7369355718748501,churn
106,385,1,0.7511027394653489,0.24889726053465103,not_churn
107,6039,0,0.9455115440388921,0.05448845596110794,not_churn
108,3626,0,0.7706157896959418,0.22938421030405806,not_churn
109,137,0,0.5831675956238188,0.4168324043761812,not_churn
110,4077,0,0.9885171563735663,0.011482843626433653,not_churn
111,1585,1,0.5207344530231999,0.4792655469768001,not_churn
112,6736,0,0.9767957279050465,0.023204272094953536,not_churn
113,4699,0,0.8738073290080045,0.12619267099199555,not_churn
114,3871,0,0.8641584023400948,0.13584159765990533,not_churn
115,4766,0,0.7265105328163307,0.2734894671836693,not_churn
116,5881,0,0.9920979452085048,0.00790205479149506,not_churn
117,3396,0,0.39861776053200665,0.6013822394679934,churn
118,2328,1,0.5214174167907514,0.4785825832092487,not_churn
119,29,0,0.8887240517186115,0.11127594828138879,not_churn
120,250,1,0.6430411718790892,0.35695882812091106,not_churn
121,6028,0,0.9497816292169111,0.05021837078308881,not_churn
122,2376,0,0.6873809401661309,0.3126190598338691,not_churn
123,6639,0,0.9785671763123649,0.02143282368763506,not_churn
124,3704,0,0.8769363093393224,0.12306369066067756,not_churn
125,1531,0,0.678094890707189,0.3219051092928112,not_churn
126,1919,1,0.613929716118454,0.38607028388154624,not_churn
127,4939,1,0.8666372433758454,0.13336275662415484,not_churn
128,4448,1,0.7268681470545569,0.27313185294544307,not_churn
129,4949,0,0.9418663095950934,0.05813369040490677,not_churn
130,4610,0,0.8735479430046255,0.126452056995375,not_churn
131,2551,1,0.6632828637091234,0.33671713629087685,not_churn
132,3089,0,0.753337495077457,0.24666250492254269,not_churn
133,5618,0,0.9817467863968278,0.018253213603171912,not_churn
134,4343,1,0.7240602526880926,0.2759397473119075,not_churn
135,1252,1,0.34053210647255,0.6594678935274497,churn
136,3959,0,0.9783617700659484,0.021638229934051484,not_churn
137,4075,0,0.9883674610497987,0.011632538950201382,not_churn
138,957,1,0.5123451244360859,0.48765487556391407,not_churn
139,4452,0,0.8847032103433595,0.11529678965664067,not_churn
140,3841,1,0.4130842235167263,0.5869157764832734,churn
141,1229,0,0.29019053634828335,0.7098094636517167,churn
142,1723,1,0.6515018859537307,0.34849811404626935,not_churn
143,4689,0,0.7028098985455464,0.29719010145445296,not_churn
144,4872,0,0.8368366714395558,0.16316332856044422,not_churn
145,6769,0,0.9611116904390172,0.03888830956098269,not_churn
146,712,0,0.7425782925566606,0.25742170744333925,not_churn
147,3794,0,0.4074697047715905,0.5925302952284095,churn
148,1944,1,0.1625320502748888,0.8374679497251111,churn
149,673,1,0.49123443026707525,0.5087655697329246,churn
150,4464,1,0.891808918780854,0.10819108121914599,not_churn
151,808,1,0.25665561882542043,0.7433443811745799,churn
152,1738,1,0.25543863228550834,0.7445613677144918,churn
153,5544,0,0.9904584647997106,0.009541535200289733,not_churn
154,3361,1,0.4668361979823408,0.5331638020176592,churn
155,6722,0,0.9487964890313088,0.051203510968691225,not_churn
156,736,1,0.5409788579483645,0.4590211420516356,not_churn
157,3184,1,0.4983097620558597,0.5016902379441402,churn
158,5114,0,0.7903273591066923,0.20967264089330778,not_churn
159,6154,0,0.9440329941476372,0.05596700585236281,not_churn
160,5384,0,0.9871449115510849,0.012855088448915279,not_churn
161,5313,1,0.9230440963879878,0.07695590361201227,not_churn
162,4864,0,0.9700368962462391,0.02996310375376094,not_churn
163,3446,0,0.6501839251009237,0.349816074899076,not_churn
164,7016,0,0.96763177783712,0.032368222162879844,not_churn
165,5340,0,0.9517038040971597,0.04829619590284052,not_churn
166,5720,0,0.9955770552634681,0.004422944736531887,not_churn
167,4661,1,0.8569681432617757,0.14303185673822458,not_churn
168,3857,1,0.7778889380907538,0.22211106190924643,not_churn
169,6535,0,0.8808255065811847,0.11917449341881518,not_churn
170,7034,0,0.8488985766731847,0.15110142332681564,not_churn
171,3522,0,0.7527406529342356,0.24725934706576425,not_churn
172,4320,0,0.8004764829551023,0.19952351704489765,not_churn
173,6005,0,0.9601863441705238,0.03981365582947629,not_churn
174,122,0,0.9095830022031051,0.09041699779689509,not_churn
175,2404,0,0.46164286835665846,0.5383571316433414,churn
176,690,1,0.16542473026634982,0.8345752697336501,churn
177,93,0,0.9504598425081479,0.049540157491852206,not_churn
178,399,1,0.7801435395008046,0.21985646049919494,not_churn
179,5627,0,0.9947013925303421,0.005298607469658069,not_churn
180,2116,0,0.3779009350553462,0.6220990649446538,churn
181,5396,0,0.9843510326163522,0.015648967383647804,not_churn
182,6510,0,0.9521589383829488,0.0478410616170509,not_churn
183,5090,0,0.8949187558609405,0.10508124413905941,not_churn
184,1115,0,0.48484723024025067,0.5151527697597494,churn
185,739,1,0.651252090723215,0.3487479092767852,not_churn
186,6629,0,0.9634906547024671,0.03650934529753252,not_churn
187,2135,0,0.6682397966696153,0.33176020333038453,not_churn
188,1636,0,0.6846674072906148,0.31533259270938535,not_churn
189,4116,0,0.9920116587797544,0.007988341220245608,not_churn
190,5944,0,0.9455185547944999,0.05448144520550014,not_churn
191,6778,0,0.9702660721810207,0.029733927818979523,not_churn
192,6158,0,0.9463858146579972,0.05361418534200293,not_churn
193,5998,0,0.9204592534654722,0.07954074653452778,not_churn
194,5447,0,0.9950847310130773,0.004915268986922541,not_churn
195,975,1,0.5812414536136926,0.4187585463863073,not_churn
196,6474,0,0.9717774714255925,0.028222528574407567,not_churn
197,236,0,0.6661572883638098,0.33384271163619056,not_churn
198,998,1,0.6826573154264878,0.31734268457351245,not_churn
199,2562,1,0.7097457285292142,0.290254271470786,not_churn
200,6955,0,0.9714777963942247,0.02852220360577527,not_churn
201,788,1,0.438793552020952,0.561206447979048,churn
202,1469,1,0.6972926466305005,0.3027073533694995,not_churn
203,6980,0,0.9726589175671511,0.027341082432849,not_churn
204,6974,0,0.9379711502208289,0.062028849779171,not_churn
205,245,0,0.8098212227728928,0.19017877722710705,not_churn
206,2824,0,0.4339763702401677,0.566023629759832,churn
207,5518,0,0.9922302534561535,0.0077697465438467265,not_churn
208,311,1,0.8695623703499321,0.1304376296500678,not_churn
209,6066,0,0.9204688758216396,0.07953112417836032,not_churn
210,281,0,0.8837420037226313,0.11625799627736903,not_churn
211,1103,0,0.2720034208603657,0.7279965791396344,churn
212,2879,0,0.7738598151818158,0.22614018481818424,not_churn
213,2657,1,0.4570823519392356,0.5429176480607645,churn
214,7001,0,0.9684068473585726,0.03159315264142747,not_churn
215,2688,0,0.6260117783445667,0.37398822165543366,not_churn
216,454,0,0.6497078385457558,0.35029216145424447,not_churn
217,5492,0,0.9950046268136166,0.004995373186383426,not_churn
218,5662,0,0.9886830334299959,0.011316966570004448,not_churn
219,3258,0,0.6891240153465494,0.31087598465345057,not_churn
220,6274,0,0.9076429696076163,0.0923570303923839,not_churn
221,1504,1,0.4733754965173294,0.5266245034826705,churn
222,2123,0,0.7784976723781378,0.22150232762186234,not_churn
223,6397,0,0.9424257202370115,0.057574279762988415,not_churn
224,3815,0,0.7727125395185162,0.22728746048148385,not_churn
225,2865,0,0.7674501393161276,0.23254986068387254,not_churn
226,333,0,0.9337779639707965,0.06622203602920364,not_churn
227,4002,0,0.9757143581301144,0.024285641869885573,not_churn
228,4835,0,0.9297493035368736,0.0702506964631266,not_churn
229,874,1,0.3761833923733063,0.6238166076266938,churn
230,1615,0,0.32578615425953394,0.6742138457404663,churn
231,3351,0,0.6831012189575589,0.3168987810424408,not_churn
232,5594,0,0.9958746045266632,0.004125395473336842,not_churn
233,6962,0,0.888906918574649,0.11109308142535079,not_churn
234,4208,0,0.9681065038919094,0.03189349610809051,not_churn
235,2564,0,0.4878448327254267,0.5121551672745732,churn
236,3732,0,0.9013945110647174,0.09860548893528245,not_churn
237,6602,0,0.9773702441795947,0.022629755820405315,not_churn
238,4619,0,0.8650924837819705,0.13490751621802963,not_churn
239,3883,0,0.9819483923502753,0.018051607649724823,not_churn
240,4926,0,0.9097910817036269,0.09020891829637297,not_churn
241,431,0,0.8677474673194561,0.13225253268054374,not_churn
242,522,0,0.7566822887302158,0.2433177112697841,not_churn
243,5489,0,0.9865389672497012,0.013461032750298734,not_churn
244,6475,0,0.9634733549210145,0.03652664507898571,not_churn
245,1727,1,0.5758367366593216,0.42416326334067833,not_churn
246,1760,1,0.2604513192144193,0.7395486807855811,churn
247,6250,0,0.9245437169976417,0.07545628300235824,not_churn
248,4302,0,0.9059234578000138,0.09407654219998637,not_churn
249,2771,0,0.8461813886997143,0.1538186113002856,not_churn
250,879,1,0.2532680210310263,0.746731978968974,churn
251,3357,1,0.5418609493524488,0.4581390506475513,not_churn
252,5397,0,0.992767283464812,0.0072327165351877476,not_churn
253,5613,0,0.9864288068821723,0.013571193117827398,not_churn
254,1628,0,0.447164174453602,0.552835825546398,churn
255,4314,0,0.7929647520817252,0.20703524791827518,not_churn
256,4426,1,0.703478335876024,0.2965216641239759,not_churn
257,3689,1,0.4739664565436213,0.5260335434563788,churn
258,5094,0,0.9209737031859998,0.07902629681400021,not_churn
259,5052,0,0.8553385660919461,0.1446614339080536,not_churn
260,5945,0,0.9951927883291407,0.004807211670859086,not_churn
261,770,0,0.3311348322218642,0.6688651677781356,churn
262,3504,0,0.3786325243939318,0.6213674756060682,churn
263,2546,0,0.3680701588093732,0.6319298411906267,churn
264,301,1,0.730662719379822,0.26933728062017803,not_churn
265,1398,0,0.6900735541665592,0.3099264458334411,not_churn
266,5788,0,0.964485591501223,0.035514408498777,not_churn
267,1566,0,0.6443487106266816,0.3556512893733183,not_churn
268,1293,1,0.5184278123740186,0.4815721876259814,not_churn
269,13,0,0.7820079345584883,0.21799206544151198,not_churn
270,3257,0,0.8169625525885874,0.18303744741141273,not_churn
271,6764,0,0.9615726844575353,0.038427315542464695,not_churn
272,1495,0,0.36442977795078824,0.6355702220492118,churn
273,4942,1,0.9100091509212141,0.08999084907878599,not_churn
274,601,1,0.5099073095215363,0.49009269047846366,not_churn
275,1406,1,0.2921897449508705,0.7078102550491299,churn
276,4178,0,0.9756127125534677,0.0243872874465322,not_churn
277,3211,0,0.44119510136481993,0.55880489863518,churn
278,6136,0,0.9101183551421305,0.08988164485786959,not_churn
279,5139,0,0.9499794192767281,0.05002058072327248,not_churn
280,114,0,0.9282093692578733,0.07179063074212684,not_churn
281,3162,0,0.40453712470453373,0.5954628752954662,churn
282,634,1,0.14168337851086824,0.8583166214891317,churn
283,3457,0,0.7400226613490014,0.259977338650999,not_churn
284,1770,0,0.4498977161400552,0.5501022838599446,churn
285,4295,0,0.8375794821838122,0.16242051781618794,not_churn
286,6642,0,0.9590699546494438,0.040930045350556374,not_churn
287,230,1,0.7813301771463851,0.21866982285361478,not_churn
288,486,1,0.5224175130076033,0.47758248699239675,not_churn
289,3830,0,0.8617559312039345,0.1382440687960656,not_churn
290,2166,1,0.37725339366785887,0.6227466063321409,churn
291,5577,0,0.9917793920136372,0.008220607986362738,not_churn
292,1818,0,0.3864766022228481,0.6135233977771519,churn
293,2632,0,0.49099810745554495,0.5090018925444552,churn
294,3936,0,0.9917086284767241,0.008291371523275911,not_churn
295,5723,0,0.9920867866817912,0.007913213318208805,not_churn
296,2589,1,0.3990677089956248,0.6009322910043751,churn
297,4228,0,0.98290768676721,0.017092313232789817,not_churn
298,1077,0,0.29230236536515203,0.707697634634848,churn
299,3466,0,0.78733831553274,0.21266168446725991,not_churn
300,5425,0,0.9948579328640781,0.005142067135921916,not_churn
301,3196,0,0.8234877321544789,0.17651226784552088,not_churn
302,3807,0,0.7601488576779845,0.23985114232201588,not_churn
303,4875,0,0.973648757888124,0.02635124211187634,not_churn
304,2474,0,0.4799536427707188,0.5200463572292812,churn
305,2888,0,0.7572608671156587,0.2427391328843413,not_churn
306,1839,1,0.4447695832400037,0.5552304167599961,churn
307,3380,0,0.46465340220580825,0.5353465977941917,churn
308,1144,1,0.36061388505284975,0.63938611494715,churn
309,2414,1,0.41589164723895217,0.584108352761048,churn
310,893,1,0.16826824634872403,0.8317317536512756,churn
311,6489,0,0.9651981793291643,0.034801820670836064,not_churn
312,3865,0,0.8162436107725596,0.18375638922744034,not_churn
313,4248,1,0.7554713904612417,0.24452860953875807,not_churn
314,1105,0,0.750556657193109,0.24944334280689082,not_churn
315,452,0,0.9001715308452302,0.09982846915477017,not_churn
316,6346,0,0.9236668858441403,0.0763331141558597,not_churn
317,3014,1,0.3056175955738405,0.6943824044261595,churn
318,5240,0,0.8739569314608313,0.12604306853916875,not_churn
319,6188,0,0.960538035215563,0.03946196478443718,not_churn
320,1914,1,0.3180502946080037,0.6819497053919963,churn
321,4350,0,0.8926197350744262,0.1073802649255739,not_churn
322,2457,0,0.4077268799594192,0.592273120040581,churn
323,5688,0,0.9946626675693346,0.0053373324306652155,not_churn
324,4630,0,0.7237003136115484,0.27629968638845187,not_churn
325,5290,0,0.8749974202816904,0.12500257971830955,not_churn
326,1558,1,0.3581990005881463,0.6418009994118534,churn
327,3374,0,0.45656390461456686,0.5434360953854331,churn
328,1432,1,0.34069572107017015,0.6593042789298299,churn
329,892,0,0.5615764419546716,0.43842355804532845,not_churn
330,3085,1,0.7130121655985705,0.2869878344014297,not_churn
331,4761,0,0.870329921620305,0.1296700783796948,not_churn
332,588,0,0.47646703541786267,0.5235329645821375,churn
333,556,1,0.30179120451666025,0.6982087954833399,churn
334,5860,0,0.9906076192973472,0.009392380702652853,not_churn
335,6404,0,0.8474048677177665,0.15259513228223354,not_churn
336,5934,0,0.9804535029381696,0.01954649706183051,not_churn
337,4486,1,0.845632068024476,0.15436793197552384,not_churn
338,5527,0,0.988251091902704,0.011748908097296062,not_churn
339,6321,0,0.8477016434982291,0.15229835650177106,not_churn
340,6998,0,0.9612829258836318,0.038717074116368204,not_churn
341,4873,1,0.908543025553385,0.0914569744466151,not_churn
342,1743,1,0.5837157280422244,0.41628427195777573,not_churn
343,3531,0,0.7982782575004563,0.2017217424995438,not_churn
344,2669,1,0.5602144250846045,0.4397855749153956,not_churn
345,6967,0,0.9723471453487462,0.027652854651253698,not_churn
346,6290,0,0.882366256432822,0.11763374356717807,not_churn
347,3928,0,0.9780578201235263,0.021942179876473802,not_churn
348,2354,1,0.24467951896509468,0.7553204810349057,churn
349,971,1,0.3527656881528387,0.6472343118471611,churn
350,3989,0,0.9622932605190979,0.03770673948090227,not_churn
351,6828,0,0.9726335210902723,0.02736647890972749,not_churn
352,1166,1,0.6896239379947634,0.31037606200523654,not_churn
353,4788,0,0.910177216934719,0.08982278306528073,not_churn
354,6513,0,0.9777903130380201,0.022209686961980078,not_churn
355,3373,0,0.8305553378441445,0.16944466215585544,not_churn
356,5690,0,0.9389260872554566,0.06107391274454337,not_churn
357,6291,0,0.938476834113796,0.06152316588620408,not_churn
358,2816,0,0.41769567272413644,0.5823043272758635,churn
359,2552,1,0.40811338451730295,0.5918866154826969,churn
360,6865,0,0.9725799082495074,0.0274200917504927,not_churn
361,1174,1,0.31590763362461494,0.684092366375385,churn
362,667,1,0.5048946829060728,0.49510531709392724,not_churn
363,5334,0,0.9568678152052676,0.04313218479473244,not_churn
364,4112,0,0.9860069083975636,0.013993091602436501,not_churn
365,412,0,0.8796627083022416,0.12033729169775839,not_churn
366,6020,0,0.9351821935531862,0.06481780644681374,not_churn
367,3279,0,0.8205825697981284,0.17941743020187148,not_churn
368,4084,0,0.9876058231451681,0.012394176854831825,not_churn
369,2847,0,0.7699576602288958,0.2300423397711039,not_churn
370,1297,1,0.6453356615642707,0.3546643384357294,not_churn
371,6153,0,0.7779829090564045,0.22201709094359529,not_churn
372,3557,0,0.7609412935425709,0.23905870645742902,not_churn
373,5753,0,0.9773452499885822,0.022654750011417975,not_churn
374,5424,0,0.9934553514245325,0.006544648575467533,not_churn
375,2083,0,0.38166575289876825,0.6183342471012317,churn
376,5833,0,0.9941982214053559,0.0058017785946440185,not_churn
377,6541,0,0.9800166743350922,0.01998332566490783,not_churn
378,3228,1,0.7311100973830726,0.26888990261692713,not_churn
379,3078,0,0.8046633672151442,0.19533663278485577,not_churn
380,1990,0,0.6677732285181248,0.33222677148187485,not_churn
381,4758,0,0.8081413353240293,0.19185866467597099,not_churn
382,5659,0,0.9898779321190336,0.010122067880966484,not_churn
383,2113,0,0.6219026132402736,0.3780973867597265,not_churn
384,5028,0,0.8951544935829141,0.10484550641708582,not_churn
385,115,0,0.8761404613151766,0.12385953868482302,not_churn
386,1846,1,0.5462449265915665,0.4537550734084336,not_churn
387,2161,1,0.8262073475330243,0.173792652466976,not_churn
388,1521,1,0.4069465341823465,0.5930534658176534,churn
389,4453,1,0.7382772266214352,0.26172277337856487,not_churn
390,4160,0,0.9751977263793425,0.024802273620657164,not_churn
391,5539,0,0.9856406007143496,0.014359399285650347,not_churn
392,2597,0,0.67687743560269,0.32312256439731,not_churn
393,6591,0,0.9467598015691387,0.0532401984308615,not_churn
394,5475,0,0.9888281570184158,0.01117184298158376,not_churn
395,5937,0,0.989347811555494,0.010652188444505873,not_churn
396,4811,1,0.9470936215886177,0.052906378411382654,not_churn
397,3482,0,0.8087058589213444,0.19129414107865583,not_churn
398,4866,0,0.9365196185137025,0.06348038148629774,not_churn
399,1420,1,0.34101074934799713,0.658989250652003,churn
400,4832,0,0.9335450054975716,0.06645499450242859,not_churn
401,4993,0,0.9439270504693259,0.05607294953067449,not_churn
402,3447,0,0.8355012227146605,0.1644987772853397,not_churn
403,5727,0,0.9916659343408247,0.00833406565917523,not_churn
404,3134,0,0.8518800389381856,0.14811996106181435,not_churn
405,1833,1,0.6209082327416406,0.3790917672583594,not_churn
406,3274,1,0.7913059056264548,0.20869409437354539,not_churn
407,1334,1,0.46610869336677735,0.5338913066332227,churn
408,2617,1,0.46643552441840497,0.5335644755815949,churn
409,5706,0,0.9916064219575506,0.008393578042449258,not_churn
410,3311,0,0.7232764193072465,0.27672358069275366,not_churn
411,3592,0,0.8725484375890806,0.12745156241091973,not_churn
412,2870,0,0.468443726564289,0.531556273435711,churn
413,1749,1,0.1589384303966884,0.8410615696033115,churn
414,4510,0,0.7183521053739643,0.2816478946260357,not_churn
415,1435,0,0.6137354426805186,0.38626455731948117,not_churn
416,6781,0,0.9717498034751406,0.028250196524859342,not_churn
417,3759,0,0.48774571674480055,0.5122542832551994,churn
418,1737,1,0.19567024615597695,0.8043297538440229,churn
419,252,0,0.6869586895037179,0.3130413104962822,not_churn
420,5423,0,0.9956351231740025,0.0043648768259972725,not_churn
421,5415,0,0.9944372453209961,0.005562754679003861,not_churn
422,5553,0,0.9831966994933207,0.016803300506679303,not_churn
423,3244,0,0.695620716402875,0.30437928359712535,not_churn
424,3238,1,0.4178558369755615,0.5821441630244385,churn
425,6719,0,0.9602961603013748,0.03970383969862513,not_churn
426,4604,0,0.8246280952191845,0.17537190478081552,not_churn
427,1871,1,0.6212457763973994,0.3787542236026005,not_churn
428,4615,1,0.7917435169986246,0.2082564830013756,not_churn
429,5511,0,0.9899383892684671,0.010061610731533251,not_churn
430,5724,0,0.9924724652499805,0.0075275347500193615,not_churn
431,3322,0,0.9210101032613827,0.07898989673861745,not_churn
432,4051,0,0.9897385995267431,0.010261400473256794,not_churn
433,5981,0,0.9903392794457272,0.009660720554272877,not_churn
434,3114,0,0.840349733107088,0.15965026689291198,not_churn
435,6904,0,0.9754439017462694,0.024556098253730684,not_churn
436,2894,0,0.879146621217334,0.12085337878266598,not_churn
437,741,0,0.6527406853153639,0.3472593146846361,not_churn
438,5542,0,0.9759179551419547,0.024082044858045767,not_churn
439,4713,0,0.8611383749011681,0.13886162509883168,not_churn
440,3896,0,0.9797343534134941,0.02026564658650578,not_churn
441,4503,0,0.762448261524002,0.2375517384759978,not_churn
442,1678,1,0.4459697582839068,0.5540302417160933,churn
443,1380,0,0.7769984893873847,0.22300151061261522,not_churn
444,6791,0,0.9722366415430262,0.02776335845697385,not_churn
445,2698,0,0.7207777641022897,0.27922223589771034,not_churn
446,3802,0,0.8696914107879204,0.1303085892120791,not_churn
447,430,0,0.792840225646298,0.2071597743537018,not_churn
448,6703,0,0.9761799862505918,0.023820013749408574,not_churn
449,722,1,0.3043696232786219,0.6956303767213783,churn
450,6568,0,0.9783189854017995,0.02168101459820065,not_churn
451,4206,0,0.9191798753095468,0.08082012469045306,not_churn
452,5069,0,0.9492841094652831,0.05071589053471677,not_churn
453,6084,0,0.8678128016310426,0.13218719836895745,not_churn
454,2940,1,0.3828425688369408,0.6171574311630592,churn
455,4569,0,0.6541906363192342,0.34580936368076576,not_churn
456,5137,0,0.9206019673688904,0.07939803263110988,not_churn
457,686,1,0.242017983191029,0.7579820168089715,churn
458,6364,0,0.8942598178972893,0.10574018210271072,not_churn
459,511,0,0.8524697454718044,0.14753025452819604,not_churn
460,3412,0,0.8890249607196946,0.1109750392803052,not_churn
461,1630,0,0.621795493184997,0.37820450681500284,not_churn
462,1361,1,0.5048385921851846,0.4951614078148153,not_churn
463,3635,0,0.7232833426041388,0.27671665739586104,not_churn
464,3090,0,0.7022418357389145,0.29775816426108553,not_churn
465,937,1,0.5595968751151296,0.4404031248848705,not_churn
466,379,0,0.7691190833571845,0.2308809166428152,not_churn
467,2260,1,0.14168337851086824,0.8583166214891317,churn
468,3497,0,0.7951545962443547,0.2048454037556451,not_churn
469,6081,0,0.9083996528423479,0.09160034715765232,not_churn
470,5841,0,0.9940655459321062,0.005934454067893871,not_churn
471,1266,1,0.2119168689371589,0.7880831310628412,churn
472,5416,0,0.9862745649276877,0.01372543507231217,not_churn
473,5865,0,0.9899994911227715,0.010000508877228228,not_churn
474,4881,0,0.9555540662962245,0.04444593370377557,not_churn
475,6413,0,0.9447518591519869,0.05524814084801303,not_churn
476,992,0,0.6812479428727098,0.3187520571272901,not_churn
477,340,0,0.9093922443223906,0.09060775567760963,not_churn
478,6205,0,0.830321934143882,0.16967806585611803,not_churn
479,3852,0,0.7616745384580887,0.23832546154191112,not_churn
480,567,1,0.24999243100813665,0.750007568991863,churn
481,3524,0,0.7441425602284992,0.2558574397715006,not_churn
482,5064,0,0.8836401854893273,0.11635981451067307,not_churn
483,5725,0,0.9932501521270811,0.006749847872918724,not_churn
484,2881,1,0.8239340658413847,0.17606593415861507,not_churn
485,3416,0,0.727895073466692,0.27210492653330803,not_churn
486,6138,0,0.9177467396979222,0.08225326030207804,not_churn
487,5119,0,0.9695812659587524,0.030418734041247873,not_churn
488,4240,0,0.8871173133989468,0.11288268660105341,not_churn
489,4268,0,0.8601620884420725,0.13983791155792744,not_churn
490,4622,0,0.8893444088853735,0.11065559111462674,not_churn
491,4461,0,0.7085641180362873,0.2914358819637126,not_churn
492,5120,0,0.8481538715633035,0.1518461284366968,not_churn
493,3913,0,0.9242331379657194,0.0757668620342804,not_churn
494,2809,1,0.7022418357389145,0.29775816426108553,not_churn
495,5852,0,0.9866436701019968,0.013356329898003396,not_churn
496,4963,0,0.9653017028882697,0.0346982971117305,not_churn
497,2727,0,0.5570315623080271,0.442968437691973,not_churn
498,4897,0,0.9087842453009572,0.09121575469904233,not_churn
499,118,0,0.886722119776865,0.11327788022313515,not_churn
500,6295,0,0.9169029044798335,0.0830970955201664,not_churn
501,6362,0,0.8892772210645545,0.11072277893544574,not_churn
502,6460,0,0.8930853763858232,0.10691462361417699,not_churn
503,6,0,0.8715372530475262,0.12846274695247373,not_churn
504,5164,0,0.9549354519309671,0.045064548069033296,not_churn
505,1904,1,0.3894177326553057,0.6105822673446943,churn
506,2831,1,0.821871114229568,0.17812888577043204,not_churn
507,3567,0,0.44267029499183413,0.557329705008166,churn
508,4293,0,0.8069024284909824,0.19309757150901763,not_churn
509,881,0,0.3029431080608945,0.6970568919391056,churn
510,602,1,0.7461015538718295,0.25389844612817025,not_churn
511,4042,0,0.9596150876404477,0.04038491235955224,not_churn
512,1386,0,0.6604556054877299,0.33954439451227003,not_churn
513,6314,0,0.9418304495413236,0.05816955045867656,not_churn
514,3410,0,0.48848101141433276,0.5115189885856671,churn
515,619,0,0.4559370948266535,0.5440629051733464,churn
516,292,0,0.9166587316159664,0.08334126838403401,not_churn
517,3767,1,0.44782124350626135,0.5521787564937387,churn
518,3463,1,0.4029318733946826,0.5970681266053172,churn
519,5968,0,0.9898683608745293,0.010131639125470935,not_churn
520,4188,0,0.9371028131993814,0.062897186800619,not_churn
521,5699,0,0.9836382167121195,0.016361783287880415,not_churn
522,414,1,0.9375344597193641,0.06246554028063607,not_churn
523,576,1,0.5414468573887009,0.45855314261129926,not_churn
524,2334,0,0.7507934771904108,0.24920652280958927,not_churn
525,4828,0,0.9162598508170996,0.08374014918290064,not_churn
526,4823,0,0.9443558362450123,0.055644163754987944,not_churn
527,6969,0,0.9736328440224399,0.02636715597756002,not_churn
528,1935,1,0.22289114962479048,0.7771088503752097,churn
529,4073,0,0.9807298618892781,0.01927013811072174,not_churn
530,5746,0,0.9898491459069456,0.010150854093054263,not_churn
531,3638,0,0.824746142669243,0.1752538573307574,not_churn
532,5766,0,0.9948869451509116,0.0051130548490884095,not_churn
533,5117,0,0.955422875987704,0.04457712401229634,not_churn
534,2673,0,0.8733436873356155,0.1266563126643846,not_churn
535,5075,0,0.9563920747027952,0.04360792529720513,not_churn
536,5348,0,0.9856504996225556,0.014349500377444473,not_churn
537,6094,0,0.8621130698261126,0.13788693017388767,not_churn
538,1117,1,0.5072804122654789,0.4927195877345209,not_churn
539,1593,0,0.21657818781264793,0.7834218121873525,churn
540,6698,0,0.9721076172250548,0.027892382774945258,not_churn
541,1545,1,0.2714138936084016,0.7285861063915988,churn
542,6861,0,0.9599272591277317,0.04007274087226819,not_churn
543,2849,0,0.8976944012061125,0.10230559879388729,not_churn
544,5128,0,0.9479533045726743,0.052046695427326074,not_churn
545,1513,1,0.26013441977113616,0.7398655802288642,churn
546,4627,0,0.8556706601517158,0.14432933984828436,not_churn
547,2220,1,0.4088222346593718,0.5911777653406283,churn
548,6559,0,0.9741272754958294,0.025872724504170788,not_churn
549,2619,1,0.6401128728400525,0.35988712715994736,not_churn
550,6293,0,0.9519305402451362,0.048069459754863625,not_churn
551,4071,0,0.9913045989077506,0.008695401092249264,not_churn
552,5554,0,0.9901985895398353,0.009801410460164995,not_churn
553,6893,0,0.9716642928337665,0.02833570716623343,not_churn
554,5310,0,0.9545602049659426,0.04543979503405765,not_churn
555,4822,0,0.9004278352119005,0.09957216478809965,not_churn
556,372,0,0.8543359558318273,0.14566404416817264,not_churn
557,1434,1,0.2961973411349421,0.7038026588650584,churn
558,6033,1,0.9482527512928965,0.05174724870710326,not_churn
559,4831,0,0.8693961360373418,0.1306038639626581,not_churn
560,23,0,0.890007983800209,0.10999201619979129,not_churn
561,6625,0,0.9302681356575565,0.06973186434244355,not_churn
562,231,0,0.8707293955441305,0.12927060445586913,not_churn
563,2647,1,0.34443817027787527,0.655561829722125,churn
564,3069,0,0.8628035725417746,0.13719642745822538,not_churn
565,6225,0,0.9251021661788212,0.07489783382117887,not_churn
566,4514,1,0.7836743016337369,0.21632569836626314,not_churn
567,3604,1,0.7599808542038566,0.24001914579614378,not_churn
568,6216,0,0.9266816931921393,0.07331830680786093,not_churn
569,2088,1,0.645024096080045,0.35497590391995487,not_churn
570,4591,0,0.8155064944807222,0.18449350551927807,not_churn
571,2963,0,0.7022224555111776,0.29777754448882243,not_churn
572,4560,0,0.7939657946622508,0.2060342053377493,not_churn
573,6858,0,0.9654335069787078,0.034566493021292395,not_churn
574,4034,0,0.9831929673454259,0.016807032654573922,not_churn
575,5807,0,0.9888383887350649,0.011161611264935343,not_churn
576,4968,0,0.9626390120413985,0.037360987958601884,not_churn
577,5260,0,0.9137042518119763,0.08629574818802369,not_churn
578,6853,0,0.9779366355076998,0.022063364492300258,not_churn
579,6701,0,0.9711303987978265,0.028869601202173495,not_churn
580,4844,0,0.9394615390808052,0.060538460919195174,not_churn
581,6001,0,0.8152976607408948,0.18470233925910537,not_churn
582,2477,1,0.28764082808861746,0.7123591719113829,churn
583,4131,0,0.9740593205518339,0.025940679448166186,not_churn
584,2069,0,0.6172564746387795,0.38274352536122047,not_churn
585,4299,0,0.8365918972844868,0.16340810271551345,not_churn
586,5131,0,0.8773845517533425,0.12261544824665757,not_churn
587,997,0,0.6363525094390483,0.3636474905609517,not_churn
588,5974,0,0.9879650362706972,0.01203496372930267,not_churn
589,5361,0,0.9431464473235819,0.056853552676418104,not_churn
590,6280,1,0.9438092829390204,0.0561907170609795,not_churn
591,3080,0,0.8488555271617532,0.15114447283824706,not_churn
592,2548,1,0.45738226039083973,0.5426177396091603,churn
593,460,0,0.9039028225424885,0.09609717745751122,not_churn
594,5792,0,0.9912671248170153,0.008732875182984753,not_churn
595,6596,0,0.9424017016100735,0.057598298389926646,not_churn
596,1744,1,0.2784946027098239,0.7215053972901758,churn
597,1446,1,0.47879184284072634,0.5212081571592736,churn
598,1214,0,0.34243291925488484,0.6575670807451149,churn
599,3747,1,0.5820066086121621,0.4179933913878378,not_churn
600,2450,1,0.6236338764189803,0.37636612358101973,not_churn
601,4692,0,0.7738377954208774,0.22616220457912256,not_churn
602,4548,0,0.9120671746372495,0.08793282536275028,not_churn
603,1629,0,0.5970469633057462,0.40295303669425403,not_churn
604,3136,0,0.8129392853038773,0.18706071469612298,not_churn
605,2369,1,0.4131397933485696,0.5868602066514305,churn
606,6062,0,0.9537108890681232,0.0462891109318769,not_churn
607,553,0,0.5928578520776803,0.40714214792231973,not_churn
608,2742,1,0.7539260487769459,0.24607395122305417,not_churn
609,6016,0,0.9151276704079315,0.08487232959206858,not_churn
610,3813,1,0.7609745614070325,0.23902543859296763,not_churn
611,4489,0,0.8372036125861233,0.16279638741387673,not_churn
612,6069,0,0.9469091846238277,0.053090815376172336,not_churn
613,5302,0,0.8997633258753837,0.10023667412461597,not_churn
614,6624,0,0.9773221728066666,0.02267782719333344,not_churn
615,4700,0,0.9191617983829918,0.08083820161700832,not_churn
616,34,0,0.8903087224335714,0.10969127756642844,not_churn
617,3243,1,0.5803313420454017,0.41966865795459846,not_churn
618,4918,0,0.8785307517277542,0.12146924827224603,not_churn
619,1718,1,0.3905937727393081,0.6094062272606918,churn
620,1942,1,0.15960045806272768,0.8403995419372724,churn
621,3495,0,0.8576175866743597,0.14238241332564044,not_churn
622,4668,0,0.8307164116971272,0.16928358830287288,not_churn
623,464,0,0.8977705118635586,0.1022294881364419,not_churn
624,6262,0,0.931869100228101,0.06813089977189918,not_churn
625,2898,1,0.6119239538480428,0.3880760461519573,not_churn
626,4137,0,0.9778436830574219,0.02215631694257806,not_churn
627,2016,0,0.6525587663690608,0.34744123363093926,not_churn
628,6140,0,0.9424808900243938,0.05751910997560602,not_churn
629,2795,1,0.38449219852783595,0.6155078014721641,churn
630,4145,0,0.9682922826025091,0.03170771739749076,not_churn
631,825,0,0.6637407690883451,0.33625923091165466,not_churn
632,5003,1,0.8285419202102358,0.1714580797897641,not_churn
633,2056,1,0.4757421489242112,0.5242578510757889,churn
634,5826,0,0.9809794094637302,0.019020590536269918,not_churn
635,1243,1,0.4778461139123853,0.5221538860876148,churn
636,1635,1,0.2287128921610162,0.7712871078389837,churn
637,293,0,0.8952005359497419,0.10479946405025808,not_churn
638,120,1,0.8403115114029318,0.159688488597068,not_churn
639,1042,1,0.1462577134842712,0.8537422865157286,churn
640,108,0,0.8741587785772402,0.1258412214227598,not_churn
641,3403,0,0.7833187236451934,0.21668127635480644,not_churn
642,1480,1,0.5305352597401847,0.4694647402598153,not_churn
643,6117,1,0.8496322828118337,0.1503677171881664,not_churn
644,3433,0,0.723080314016865,0.27691968598313443,not_churn
645,1903,0,0.4367800667534007,0.5632199332465992,churn
646,4567,0,0.8301570713237767,0.1698429286762236,not_churn
647,1059,1,0.2823107436582318,0.7176892563417685,churn
648,1094,1,0.29462338074443195,0.7053766192555682,churn
649,539,1,0.15390474278016367,0.846095257219836,churn
650,1478,0,0.6866835920930366,0.31331640790696336,not_churn
651,1518,1,0.15646553973646915,0.8435344602635307,churn
652,985,1,0.6331681600528242,0.3668318399471759,not_churn
653,505,0,0.8703587752141899,0.1296412247858099,not_churn
654,3838,0,0.4119954997016524,0.5880045002983476,churn
655,3459,1,0.6747855260991555,0.3252144739008447,not_churn
656,2371,1,0.6425989788233215,0.35740102117667827,not_churn
657,554,0,0.460505461588757,0.539494538411243,churn
658,6916,0,0.9618276751674738,0.038172324832526,not_churn
659,2845,0,0.8399490212679693,0.16005097873203059,not_churn
660,4110,0,0.9803937873427244,0.01960621265727541,not_churn
661,3713,0,0.698976223895066,0.3010237761049343,not_churn
662,3125,1,0.3876645748334393,0.6123354251665609,churn
663,6847,0,0.978214973430851,0.021785026569148953,not_churn
664,2867,0,0.8272067309808142,0.17279326901918576,not_churn
665,3793,1,0.655445710517733,0.3445542894822669,not_churn
666,5073,0,0.9574168260803319,0.04258317391966833,not_churn
667,141,0,0.8182182546497012,0.18178174535029853,not_churn
668,966,0,0.32211148856164584,0.6778885114383543,churn
669,1249,0,0.2929896366844614,0.7070103633155383,churn
670,3508,0,0.8705749224123089,0.12942507758769126,not_churn
671,4060,0,0.9909914439637434,0.009008556036256464,not_churn
672,5578,0,0.9929117726733869,0.0070882273266129215,not_churn
673,1984,1,0.362826909231952,0.6371730907680481,churn
674,6808,0,0.9714518241500556,0.028548175849944877,not_churn
675,977,0,0.5967237699083193,0.4032762300916805,not_churn
676,6840,0,0.9763543380490626,0.02364566195093734,not_churn
677,4338,0,0.8818123998206892,0.11818760017931097,not_churn
678,3521,1,0.46277489025647667,0.5372251097435233,churn
679,6705,0,0.9638938222404293,0.03610617775957062,not_churn
680,2863,0,0.3982207383495738,0.6017792616504262,churn
681,1491,0,0.45921092961359705,0.540789070386403,churn
682,3019,0,0.8689408360149607,0.1310591639850388,not_churn
683,4243,0,0.7736778462168844,0.22632215378311557,not_churn
684,3252,1,0.5271035825967584,0.4728964174032416,not_churn
685,5874,0,0.9966522464754184,0.0033477535245817836,not_churn
686,3544,0,0.6165373606687115,0.3834626393312889,not_churn
687,4132,0,0.9704342909075026,0.029565709092497772,not_churn
688,4254,0,0.6742464682776281,0.3257535317223717,not_churn
689,4218,0,0.9871008349080974,0.012899165091902668,not_churn
690,2361,1,0.4533802201564923,0.5466197798435077,churn
691,2285,0,0.26978726938666414,0.7302127306133356,churn
692,939,1,0.5660688175449559,0.43393118245504403,not_churn
693,1192,0,0.8135128790791313,0.18648712092086858,not_churn
694,2876,1,0.422833454899107,0.5771665451008929,churn
695,6584,0,0.9263100622643023,0.07368993773569735,not_churn
696,5709,0,0.9678346067523199,0.03216539324768004,not_churn
697,1096,0,0.2687229664424278,0.7312770335575718,churn
698,2402,1,0.2980271026104199,0.7019728973895802,churn
699,3744,0,0.4334410425121525,0.5665589574878476,churn
700,3291,0,0.5408650386463961,0.45913496135360377,not_churn
701,909,0,0.616354646178157,0.38364535382184284,not_churn
702,6810,0,0.9452522708775559,0.05474772912244401,not_churn
703,6328,0,0.9453585406232221,0.05464145937677809,not_churn
704,3127,1,0.8468250237206938,0.1531749762793064,not_churn
705,5755,0,0.9873253488238406,0.012674651176159332,not_churn
706,2922,0,0.8058883842225145,0.19411161577748537,not_churn
707,5210,1,0.9134923816445304,0.08650761835546916,not_churn
708,2515,1,0.48451435467083875,0.5154856453291612,churn
709,2353,0,0.40487273250629874,0.5951272674937015,churn
710,353,0,0.8045559867262903,0.19544401327371008,not_churn
711,1695,1,0.48414767567894273,0.5158523243210572,churn
712,1298,0,0.6484741146794568,0.3515258853205433,not_churn
713,6275,0,0.9665972726621251,0.03340272733787518,not_churn
714,2498,1,0.4183167233699095,0.5816832766300903,churn
715,53,0,0.6680005273485138,0.33199947265148644,not_churn
716,3287,1,0.6053849647104427,0.3946150352895574,not_churn
717,5643,0,0.9851612582154331,0.014838741784567022,not_churn
718,113,0,0.7118002106353178,0.28819978936468216,not_churn
719,5219,0,0.9103926952439688,0.08960730475603125,not_churn
720,126,0,0.8445023005303716,0.1554976994696284,not_churn
721,3960,0,0.9888003632457517,0.011199636754248087,not_churn
722,3798,0,0.7186095296142373,0.2813904703857628,not_churn
723,19,0,0.8436010511766078,0.15639894882339214,not_churn
724,3480,0,0.7725422138856275,0.22745778611437262,not_churn
725,2628,0,0.48775580831545445,0.5122441916845455,churn
726,3951,0,0.9764169158429649,0.023583084157035267,not_churn
727,3683,1,0.8626155625657419,0.13738443743425807,not_churn
728,1965,0,0.7225195538441892,0.27748044615581074,not_churn
729,6230,0,0.9623708698949066,0.03762913010509342,not_churn
730,405,0,0.7594190833571847,0.24058091664281522,not_churn
731,4048,0,0.9757797187146463,0.024220281285353425,not_churn
732,304,0,0.888768337866988,0.11123166213301179,not_churn
733,1915,0,0.6383330011472197,0.3616669988527805,not_churn
734,4862,0,0.9449981728190195,0.05500182718098052,not_churn
735,2837,0,0.7696626953016306,0.23033730469836938,not_churn
736,5060,0,0.9557813801588528,0.044218619841147284,not_churn
737,1189,1,0.6215311449627828,0.37846885503721717,not_churn
738,1725,1,0.1447592906512965,0.8552407093487036,churn
739,1594,0,0.24072200964910137,0.7592779903508987,churn
740,5930,0,0.9902661571074028,0.009733842892597428,not_churn
741,2208,0,0.5788487031134156,0.4211512968865844,not_churn
742,6447,0,0.9699636758926781,0.030036324107321887,not_churn
743,2532,0,0.639740359484092,0.36025964051590803,not_churn
744,2701,0,0.841272997672994,0.1587270023270061,not_churn
745,2217,0,0.3934958603711964,0.6065041396288037,churn
746,4600,0,0.7896403009865742,0.21035969901342566,not_churn
747,6439,0,0.9677930311541703,0.03220696884582963,not_churn
748,4728,0,0.7748267573378957,0.2251732426621045,not_churn
749,3071,1,0.8157947508447161,0.18420524915528386,not_churn
750,2563,0,0.31752109706700243,0.6824789029329977,churn
751,1787,0,0.7433581819328257,0.25664181806717445,not_churn
752,3523,0,0.6647749577757567,0.33522504222424315,not_churn
753,1571,1,0.7794653663932115,0.22053463360678863,not_churn
754,5861,0,0.9936534856913615,0.0063465143086385,not_churn
755,6976,0,0.9358189805000936,0.06418101949990639,not_churn
756,3224,1,0.4673931005841313,0.5326068994158686,churn
757,3368,1,0.8927856469057425,0.10721435309425749,not_churn
758,863,0,0.4513686312230508,0.5486313687769492,churn
759,6259,0,0.8407544403874375,0.1592455596125626,not_churn
760,52,1,0.7805934909864084,0.21940650901359185,not_churn
761,698,1,0.296860982232552,0.7031390177674481,churn
762,5719,0,0.9908105421898525,0.00918945781014734,not_churn
763,2317,1,0.2868698709178064,0.7131301290821935,churn
764,1390,1,0.5309403376182497,0.4690596623817504,not_churn
765,3553,1,0.5286237446810731,0.4713762553189269,not_churn
766,2997,1,0.4480112107201509,0.5519887892798492,churn
767,3877,0,0.9744509629578312,0.025549037042168873,not_churn
768,2938,0,0.6866567556874306,0.31334324431256944,not_churn
769,2509,1,0.20381831434117184,0.7961816856588283,churn
770,4298,0,0.9023205414744909,0.09767945852550937,not_churn
771,5186,0,0.9399627766076261,0.06003722339237434,not_churn
772,2405,1,0.7903037501799522,0.2096962498200477,not_churn
773,1255,1,0.28398886838816423,0.7160111316118357,churn
774,6431,0,0.9761663027236849,0.023833697276315253,not_churn
775,3926,0,0.9123744998423234,0.08762550015767646,not_churn
776,3020,1,0.633720460358312,0.3662795396416881,not_churn
777,4021,0,0.9777849572295536,0.02221504277044614,not_churn
778,595,1,0.48768421242137516,0.5123157875786251,churn
779,216,1,0.7797909860354967,0.220209013964503,not_churn
780,2728,1,0.5603836101016629,0.439616389898337,not_churn
781,5870,0,0.9944648615711148,0.005535138428885027,not_churn
782,5349,0,0.9905344120515832,0.009465587948416683,not_churn
783,5427,0,0.9914361599365322,0.008563840063467441,not_churn
784,781,0,0.5326280906088712,0.4673719093911288,not_churn
785,3289,1,0.7608996408834311,0.23910035911656924,not_churn
786,2901,0,0.5568443593338079,0.44315564066619223,not_churn
787,6546,0,0.9634497902105881,0.03655020978941182,not_churn
788,6627,0,0.9673464414844521,0.0326535585155479,not_churn
789,2017,0,0.6298888777286062,0.37011112227139387,not_churn
790,4332,1,0.8711011906875282,0.12889880931247175,not_churn
791,1626,1,0.5683848807991294,0.43161511920087053,not_churn
792,5308,0,0.8419617962683194,0.1580382037316804,not_churn
793,6993,0,0.9809647310280123,0.019035268971987856,not_churn
794,6714,0,0.9680390749369746,0.031960925063025364,not_churn
795,5510,0,0.9862136042353454,0.013786395764654326,not_churn
796,6573,0,0.9657318145694995,0.03426818543050057,not_churn
797,3362,0,0.7011997333741249,0.29880026662587544,not_churn
798,4772,0,0.8144254350643423,0.18557456493565788,not_churn
799,3444,0,0.8050522086049494,0.1949477913950504,not_churn
800,6943,0,0.9682090020181304,0.03179099798186956,not_churn
801,6505,0,0.9619097838592618,0.03809021614073807,not_churn
802,4232,0,0.9876392282977571,0.012360771702243017,not_churn
803,4632,0,0.7735061813244648,0.2264938186755351,not_churn
804,403,0,0.8831523321464995,0.11684766785350047,not_churn
805,366,0,0.8960163145823582,0.10398368541764186,not_churn
806,2554,0,0.644304049553573,0.3556959504464269,not_churn
807,4109,0,0.985253506425337,0.014746493574662931,not_churn
808,6782,0,0.9715525784138809,0.02844742158611914,not_churn
809,6210,0,0.9032701562450868,0.09672984375491345,not_churn
810,2654,0,0.6390973297410575,0.3609026702589428,not_churn
811,3475,0,0.38769628979199316,0.6123037102080067,churn
812,1164,0,0.5431046912083592,0.45689530879164086,not_churn
813,5014,0,0.9405846488192526,0.059415351180747616,not_churn
814,2350,0,0.5620831219497472,0.43791687805025276,not_churn
815,6833,0,0.9050104367262044,0.09498956327379543,not_churn
816,5772,0,0.9852845503831382,0.014715449616861824,not_churn
817,1072,0,0.5810366865447226,0.41896331345527754,not_churn
818,3950,0,0.9910382907958655,0.008961709204134256,not_churn
819,6972,0,0.9776237070138941,0.022376292986105842,not_churn
820,1534,1,0.22878111943185245,0.7712188805681478,churn
821,2559,0,0.23326816651795157,0.7667318334820483,churn
822,3477,1,0.9067918344779229,0.09320816552207697,not_churn
823,1507,0,0.2900027277155635,0.7099972722844367,churn
824,6844,0,0.9685050448967089,0.03149495510329104,not_churn
825,3809,0,0.796743727695231,0.20325627230476895,not_churn
826,3671,0,0.8717990140739595,0.12820098592604015,not_churn
827,3063,1,0.8549131569418223,0.14508684305817746,not_churn
828,6264,1,0.8053482141953868,0.19465178580461295,not_churn
829,854,1,0.530777821953519,0.469222178046481,not_churn
830,4154,0,0.9918441720182032,0.008155827981796687,not_churn
831,5938,0,0.9881222692924624,0.011877730707537464,not_churn
832,1552,1,0.4586757429174688,0.5413242570825312,churn
833,2517,0,0.48800979150091456,0.5119902084990854,churn
834,1783,1,0.419397070311878,0.580602929688122,churn
835,6410,0,0.8458466670436513,0.15415333295634873,not_churn
836,4296,0,0.889208489575394,0.11079151042460593,not_churn
837,4841,0,0.9326462294719384,0.06735377052806131,not_churn
838,3432,0,0.6349482364675636,0.3650517635324364,not_churn
839,6557,0,0.9634606530436836,0.0365393469563165,not_churn
840,1883,1,0.31396404193569205,0.6860359580643078,churn
841,6813,0,0.9781729827815002,0.02182701721849971,not_churn
842,4317,0,0.8114314254019851,0.18856857459801496,not_churn
843,691,1,0.36894089350285475,0.6310591064971453,churn
844,4055,0,0.9859593555545345,0.014040644445465536,not_churn
845,5668,0,0.991073189872343,0.0089268101276569,not_churn
846,6587,0,0.9754698484897824,0.02453015151021781,not_churn
847,3664,0,0.44774128188487,0.55225871811513,churn
848,5282,0,0.9354340728950342,0.06456592710496582,not_churn
849,6717,0,0.9706270531895258,0.029372946810474292,not_churn
850,1260,0,0.29454946642089785,0.7054505335791019,churn
851,4738,1,0.8298478144481989,0.17015218555180106,not_churn
852,2351,1,0.5981180511098088,0.40188194889019124,not_churn
853,7020,0,0.8674243957661778,0.1325756042338221,not_churn
854,6035,0,0.916104950478901,0.08389504952109904,not_churn
855,360,0,0.8889169431690247,0.11108305683097502,not_churn
856,2091,1,0.5930193403221347,0.4069806596778654,not_churn
857,3268,0,0.8936625589556927,0.10633744104430747,not_churn
858,807,1,0.22699516382600649,0.7730048361739932,churn
859,456,0,0.7801435395008046,0.21985646049919494,not_churn
860,4797,0,0.9302343370818283,0.06976566291817171,not_churn
861,2606,1,0.4276416688644968,0.5723583311355032,churn
862,1322,1,0.20562561708852578,0.7943743829114741,churn
863,67,0,0.8802974618653688,0.119702538134631,not_churn
864,3810,0,0.7809250731813467,0.2190749268186536,not_churn
865,606,0,0.6585526582812342,0.34144734171876623,not_churn
866,1993,1,0.6341582466659978,0.3658417533340024,not_churn
867,2751,1,0.4130801224784775,0.5869198775215224,churn
868,4506,1,0.876284335486358,0.12371566451364241,not_churn
869,5564,0,0.9677992781424996,0.03220072185750047,not_churn
870,2063,1,0.3206451143365138,0.6793548856634862,churn
871,6233,0,0.9627697967895356,0.037230203210464774,not_churn
872,2961,0,0.7661878852402411,0.23381211475975905,not_churn
873,5359,0,0.9857267210045948,0.014273278995405297,not_churn
874,2557,1,0.5848849078678612,0.415115092132139,not_churn
875,2203,1,0.43197940126211987,0.5680205987378799,churn
876,5312,0,0.9521864124167013,0.04781358758329901,not_churn
877,4469,0,0.7528748431194545,0.24712515688054562,not_churn
878,265,1,0.7851212130346842,0.21487878696531532,not_churn
879,661,1,0.8241547734119474,0.17584522658805246,not_churn
880,1860,0,0.5209678527005409,0.4790321472994591,not_churn
881,5897,0,0.9912856428250827,0.00871435717491693,not_churn
882,4688,0,0.821290811667652,0.17870918833234778,not_churn
883,2249,0,0.4859286995818773,0.5140713004181228,churn
884,2295,0,0.3563727702055388,0.6436272297944613,churn
885,1848,1,0.4283660338033456,0.5716339661966543,churn
886,4602,1,0.7277604666873903,0.27223953331260964,not_churn
887,6692,0,0.9157309532012825,0.08426904679871763,not_churn
888,4597,0,0.7541767419728878,0.24582325802711197,not_churn
889,6166,0,0.879685951633749,0.12031404836625104,not_churn
890,653,0,0.38859509964842787,0.6114049003515722,churn
891,3203,1,0.5377422470323081,0.46225775296769195,not_churn
892,3197,0,0.7626273867835818,0.2373726132164185,not_churn
893,3750,1,0.49295866885292505,0.507041331147075,churn
894,2804,0,0.8753662013955177,0.1246337986044823,not_churn
895,6031,0,0.8614929698996456,0.13850703010035448,not_churn
896,2358,1,0.4716868311651929,0.5283131688348072,churn
897,761,0,0.41856211784355835,0.5814378821564418,churn
898,5785,0,0.9908232319595303,0.009176768040469808,not_churn
899,2206,0,0.4964582576045437,0.5035417423954562,churn
900,5799,0,0.9937250087301451,0.006274991269854683,not_churn
901,2962,1,0.5299823122431249,0.4700176877568751,not_churn
902,4768,1,0.8360585899076198,0.1639414100923801,not_churn
903,684,1,0.25166964243271694,0.7483303575672834,churn
904,4671,0,0.8798305939066644,0.12016940609333576,not_churn
905,5623,0,0.9903418265253489,0.009658173474651238,not_churn
906,641,1,0.3160219120043336,0.6839780879956667,churn
907,1352,0,0.5634887924953464,0.4365112075046534,not_churn
908,3541,0,0.44754700618866183,0.5524529938113383,churn
909,514,0,0.6994609389592747,0.30053906104072525,not_churn
910,5769,0,0.9936654257021995,0.00633457429780038,not_churn
911,1395,0,0.32689158880268393,0.673108411197316,churn
912,2829,0,0.600342043137836,0.3996579568621643,not_churn
913,6073,0,0.9624017103984565,0.037598289601543614,not_churn
914,2743,1,0.7981243559289236,0.20187564407107655,not_churn
915,2720,0,0.8315190461442323,0.16848095385576786,not_churn
916,4373,1,0.8339216042755045,0.1660783957244956,not_churn
917,3614,0,0.7217861828200373,0.2782138171799628,not_churn
918,5402,0,0.9939323682394493,0.006067631760550633,not_churn
919,3321,0,0.7218734769412068,0.2781265230587932,not_churn
920,710,1,0.3554261089542611,0.6445738910457389,churn
921,6948,0,0.9631186418604488,0.03688135813955109,not_churn
922,5525,0,0.9870483735844138,0.012951626415585898,not_churn
923,3655,0,0.7781291060946414,0.22187089390535872,not_churn
924,3563,0,0.734435341351741,0.26556465864825907,not_churn
925,3599,0,0.5031043289931156,0.49689567100688437,not_churn
926,4026,0,0.9796687664587299,0.020331233541270245,not_churn
927,5110,0,0.9186897778505092,0.08131022214949082,not_churn
928,970,0,0.6666598055356665,0.33334019446433305,not_churn
929,4522,0,0.8942037333123695,0.10579626668763037,not_churn
930,77,1,0.7060527799855923,0.2939472200144077,not_churn
931,4172,0,0.9882888469008219,0.011711153099177862,not_churn
932,143,0,0.8451155639302769,0.15488443606972294,not_churn
933,3222,0,0.7481753569035036,0.25182464309649666,not_churn
934,4029,1,0.9574275876404477,0.042572412359552246,not_churn
935,4148,0,0.9572444294935858,0.04275557050641424,not_churn
936,1475,1,0.6130524832627542,0.38694751673724576,not_churn
937,3842,1,0.7301881051445471,0.26981189485545315,not_churn
938,1979,1,0.4123270885793531,0.5876729114206468,churn
939,3947,0,0.9801145418007025,0.019885458199297573,not_churn
940,6501,0,0.9510521614429794,0.04894783855702074,not_churn
941,4690,0,0.8937541092464485,0.10624589075355156,not_churn
942,6104,1,0.9240543611676807,0.07594563883231924,not_churn
943,4216,0,0.9858853598371731,0.014114640162826979,not_churn
944,2897,1,0.4028654198155824,0.5971345801844176,churn
945,5667,0,0.9933351301931366,0.006664869806863301,not_churn
946,912,1,0.2739216676637611,0.7260783323362391,churn
947,1773,1,0.8492768390568339,0.150723160943166,not_churn
948,4251,0,0.9194598721901577,0.08054012780984253,not_churn
949,3115,1,0.6109533413107774,0.3890466586892227,not_churn
950,6277,0,0.9010754580393295,0.09892454196067055,not_churn
951,5800,0,0.9903165575068165,0.009683442493183274,not_churn
952,6549,0,0.9620199834594573,0.03798001654054281,not_churn
953,1259,0,0.5774635352341667,0.4225364647658333,not_churn
954,3088,1,0.7133399621637144,0.28666003783628535,not_churn
955,990,1,0.44541485418340154,0.5545851458165985,churn
956,107,0,0.7575848659021459,0.24241513409785434,not_churn
957,370,0,0.7610512789423223,0.2389487210576781,not_churn
958,6792,0,0.9744355124766044,0.025564487523395726,not_churn
959,2767,0,0.7596717488437172,0.24032825115628287,not_churn
960,777,0,0.34463540573728024,0.65536459426272,churn
961,4576,0,0.7507622043847517,0.2492377956152484,not_churn
962,1443,1,0.37995336492147386,0.6200466350785261,churn
963,4390,1,0.8159304497382013,0.18406955026179886,not_churn
964,3235,0,0.7593798768768849,0.24062012312311487,not_churn
965,2131,0,0.8436045916377202,0.15639540836227964,not_churn
966,3453,0,0.4541715449428132,0.5458284550571868,churn
967,1007,1,0.5200022680161246,0.47999773198387546,not_churn
968,5537,0,0.9927128795991236,0.007287120400876377,not_churn
969,1110,0,0.6164945880430068,0.38350541195699284,not_churn
970,1365,1,0.33071417101289574,0.6692858289871044,churn
971,6786,0,0.9755512314917205,0.02444876850827943,not_churn
972,3879,0,0.9843303249463148,0.015669675053685363,not_churn
973,5253,0,0.965670782200471,0.03432921779952936,not_churn
974,6191,0,0.8723265805968127,0.12767341940318727,not_churn
975,4050,0,0.9733852798932938,0.02661472010670622,not_churn
976,3933,0,0.9554447294188304,0.04455527058116954,not_churn
977,6843,0,0.9362819616855501,0.06371803831444985,not_churn
978,6036,0,0.948052619992884,0.051947380007115636,not_churn
979,1246,0,0.546621309452238,0.4533786905477622,not_churn
980,3338,0,0.8088338335054063,0.1911661664945937,not_churn
981,346,0,0.7851212130346842,0.21487878696531532,not_churn
982,2033,0,0.6111736847067999,0.3888263152932003,not_churn
983,4487,0,0.894189818857312,0.10581018114268771,not_churn
984,471,0,0.7629567451547229,0.23704325484527675,not_churn
985,3486,0,0.755276244217727,0.2447237557822734,not_churn
986,1685,0,0.7557381231784605,0.2442618768215395,not_churn
987,2441,1,0.630226271946706,0.3697737280532941,not_churn
988,3186,0,0.4689785651906621,0.5310214348093379,churn
989,5167,0,0.9187741147462016,0.0812258852537982,not_churn
990,2191,0,0.6360916207780413,0.36390837922195873,not_churn
991,3033,0,0.7465849609866307,0.25341503901336904,not_churn
992,5307,0,0.8967391620118715,0.1032608379881284,not_churn
993,3356,0,0.8086769286551374,0.19132307134486248,not_churn
994,4192,0,0.9584217336366422,0.04157826636335801,not_churn
995,3449,0,0.8290301975095131,0.170969802490487,not_churn
996,3840,0,0.675564459996989,0.32443554000301134,not_churn
997,1301,0,0.5530559612400968,0.44694403875990313,not_churn
998,6615,0,0.9685679345410226,0.03143206545897744,not_churn
999,5775,0,0.9961399945977634,0.0038600054022367523,not_churn
1000,4807,0,0.9056971461371731,0.09430285386282672,not_churn
1001,3897,0,0.9750822517834109,0.024917748216588927,not_churn
1002,2046,0,0.4740371658963571,0.5259628341036431,churn
1003,1366,0,0.4604657256667705,0.5395342743332298,churn
1004,1240,0,0.30979399514837447,0.6902060048516256,churn
1005,3358,1,0.43637048911015897,0.5636295108898408,churn
1006,6401,0,0.8580172087989237,0.14198279120107649,not_churn
1007,6700,0,0.9796688873583064,0.02033111264169384,not_churn
1008,1078,0,0.6520328351649819,0.3479671648350184,not_churn
1009,941,0,0.30192528625389575,0.6980747137461045,churn
1010,2129,1,0.3798333323289076,0.6201666676710923,churn
1011,217,0,0.7511027394653489,0.24889726053465103,not_churn
1012,3806,0,0.7689434765964104,0.23105652340358973,not_churn
1013,2537,0,0.45125205378724736,0.5487479462127525,churn
1014,3546,0,0.8187675017677184,0.1812324982322816,not_churn
1015,6384,0,0.8602606089444794,0.13973939105552086,not_churn
1016,3153,0,0.45656390461456686,0.5434360953854331,churn
1017,884,1,0.1462577134842712,0.8537422865157286,churn
1018,3773,1,0.779816011644835,0.22018398835516495,not_churn
1019,30,0,0.8176398897535505,0.18236011024644946,not_churn
1020,1617,0,0.14754096632042898,0.8524590336795709,churn
1021,6334,0,0.8838855174237455,0.1161144825762544,not_churn
1022,4255,0,0.7891402091857864,0.21085979081421377,not_churn
1023,3594,1,0.4550724914990241,0.544927508500976,churn
1024,2460,0,0.6472415497908179,0.35275845020918206,not_churn
1025,4186,0,0.9897385995267431,0.010261400473256794,not_churn
1026,5173,0,0.8560014813435873,0.1439985186564127,not_churn
1027,1812,1,0.4542749464388988,0.5457250535611012,churn
1028,4020,0,0.9869566635901629,0.013043336409836945,not_churn
1029,1671,1,0.4104206958680245,0.5895793041319756,churn
1030,80,0,0.8155221483559307,0.18447785164406927,not_churn
1031,5488,0,0.9903165575068165,0.009683442493183274,not_churn
1032,2225,0,0.5278602923056597,0.4721397076943403,not_churn
1033,5663,0,0.985854994824563,0.014145005175437295,not_churn
1034,2951,0,0.43249029429706304,0.567509705702937,churn
1035,6192,0,0.9615275120607609,0.03847248793923912,not_churn
1036,2783,1,0.45152120713443333,0.5484787928655667,churn
1037,6939,0,0.929012569808419,0.07098743019158087,not_churn
1038,335,1,0.7511027394653489,0.24889726053465103,not_churn
1039,5182,0,0.9371351308258679,0.06286486917413227,not_churn
1040,4941,0,0.9322951127736658,0.0677048872263344,not_churn
1041,6800,0,0.9732586600892256,0.02674133991077443,not_churn
1042,1431,1,0.25090203894558977,0.7490979610544106,churn
1043,6332,0,0.9012788007877248,0.09872119921227551,not_churn
1044,718,0,0.8119088426207111,0.18809115737928908,not_churn
1045,1631,0,0.442132552597988,0.5578674474020121,churn
1046,6768,0,0.9781879799206072,0.021812020079392747,not_churn
1047,3154,0,0.8257413606626316,0.17425863933736868,not_churn
1048,2891,1,0.8567360928799007,0.1432639071200991,not_churn
1049,571,1,0.15284847369032786,0.8471515263096719,churn
1050,64,1,0.6510399029062222,0.34896009709377795,not_churn
1051,3253,0,0.8922715051898948,0.10772849481010466,not_churn
1052,5297,0,0.9062774316001564,0.09372256839984336,not_churn
1053,5568,0,0.993747467075831,0.006252532924168785,not_churn
1054,211,0,0.849920400213322,0.15007959978667798,not_churn
1055,4977,0,0.9144697332620788,0.08553026673792115,not_churn
1056,3691,1,0.8927549610961185,0.10724503890388107,not_churn
1057,4856,0,0.8757831344835982,0.12421686551640176,not_churn
1058,5158,0,0.908634230493012,0.09136576950698796,not_churn
1059,6597,0,0.9720584733574777,0.027941526642522255,not_churn
1060,5113,0,0.90636848032548,0.09363151967452028,not_churn
1061,973,1,0.49609279660883177,0.5039072033911682,churn
1062,1657,0,0.46525921267417397,0.5347407873258262,churn
1063,2574,1,0.2618092789589759,0.7381907210410243,churn
1064,5836,0,0.9922404655381488,0.0077595344618512615,not_churn
1065,4282,0,0.8124779943643047,0.18752200563569546,not_churn
1066,3216,1,0.7706751251443268,0.2293248748556733,not_churn
1067,6309,0,0.8138826034984774,0.18611739650152268,not_churn
1068,3754,1,0.7965503079542262,0.20344969204577404,not_churn
1069,243,0,0.8629333754061936,0.13706662459380614,not_churn
1070,1606,0,0.5482423861584145,0.45175761384158547,not_churn
1071,1035,1,0.4860333846450168,0.5139666153549831,churn
1072,1332,1,0.23777654657420993,0.7622234534257896,churn
1073,2266,0,0.6961747588154072,0.3038252411845928,not_churn
1074,1895,1,0.5075407777778541,0.4924592222221459,not_churn
1075,1315,1,0.44939205741911503,0.550607942580885,churn
1076,3662,0,0.7472990175631671,0.2527009824368329,not_churn
1077,1135,0,0.4030222180372651,0.5969777819627349,churn
1078,3564,0,0.7529018448389331,0.24709815516106662,not_churn
1079,3045,0,0.8873682441662996,0.11263175583370025,not_churn
1080,4702,0,0.7984060534050174,0.2015939465949826,not_churn
1081,6488,0,0.9615647201771447,0.038435279822855134,not_churn
1082,4575,0,0.784830515796802,0.2151694842031982,not_churn
1083,5768,0,0.9960959559191277,0.0039040440808723394,not_churn
1084,6155,0,0.909395517735692,0.090604482264308,not_churn
1085,4849,0,0.9464347123373801,0.05356528766262038,not_churn
1086,5924,0,0.9922804631249885,0.007719536875011336,not_churn
1087,1429,1,0.2753221205411428,0.7246778794588573,churn
1088,1575,1,0.4870882590962251,0.5129117409037748,churn
1089,5168,0,0.946902379160212,0.05309762083978789,not_churn
1090,1645,0,0.32531723972998294,0.674682760270017,churn
1091,711,1,0.29134352137361114,0.7086564786263891,churn
1092,5624,0,0.9828148264164814,0.01718517358351847,not_churn
1093,581,0,0.5068748227150262,0.49312517728497385,not_churn
1094,3247,0,0.8421731514105717,0.15782684858942841,not_churn
1095,4520,0,0.7941521478846374,0.20584785211536283,not_churn
1096,1954,0,0.7939971312189233,0.20600286878107654,not_churn
1097,6658,0,0.9750932129781387,0.02490678702186143,not_churn
1098,3053,0,0.4722549934889596,0.5277450065110405,churn
1099,688,0,0.2918870159416067,0.7081129840583933,churn
1100,3098,0,0.4112304980568997,0.5887695019431002,churn
1101,100,0,0.7801435395008046,0.21985646049919494,not_churn
1102,3030,0,0.4864138121528753,0.5135861878471248,churn
1103,3075,0,0.7727174060863553,0.22728259391364475,not_churn
1104,630,1,0.721894252977473,0.2781057470225269,not_churn
1105,3762,1,0.677290305760764,0.3227096942392359,not_churn
1106,6368,0,0.9099705894167687,0.0900294105832314,not_churn
1107,1917,1,0.41503966944173615,0.584960330558264,churn
1108,2789,1,0.6609678142370987,0.33903218576290134,not_churn
1109,2326,0,0.672660072528267,0.3273399274717332,not_churn
1110,5895,0,0.9913970874748744,0.00860291252512551,not_churn
1111,2633,0,0.6007108908788954,0.3992891091211049,not_churn
1112,6369,0,0.9311680279656324,0.06883197203436778,not_churn
1113,3823,1,0.7085758194785851,0.291424180521415,not_churn
1114,2724,0,0.8586007571509622,0.1413992428490376,not_churn
1115,5165,0,0.9574225276769603,0.04257747232304016,not_churn
1116,3898,0,0.9909914439637434,0.009008556036256464,not_churn
1117,5024,0,0.9518440273617537,0.04815597263824672,not_churn
1118,1440,0,0.17613413881218012,0.8238658611878202,churn
1119,4527,0,0.8458902784159023,0.15410972158409783,not_churn
1120,6890,0,0.9045934206539811,0.09540657934601894,not_churn
1121,719,0,0.7067881354401053,0.29321186455989456,not_churn
1122,3161,0,0.7713436810198117,0.22865631898018837,not_churn
1123,6329,0,0.90198977322872,0.09801022677128023,not_churn
1124,344,0,0.8384078581808307,0.1615921418191694,not_churn
1125,3297,1,0.7672062103996595,0.23279378960034036,not_churn
1126,2085,0,0.6285410783493957,0.37145892165060423,not_churn
1127,842,0,0.7304078311890041,0.2695921688109956,not_churn
1128,3707,1,0.6934048883652898,0.30659511163471015,not_churn
1129,5533,0,0.9957844988523195,0.004215501147680579,not_churn
1130,3174,1,0.4029318733946826,0.5970681266053172,churn
1131,3621,0,0.5517712652842132,0.4482287347157869,not_churn
1132,2076,1,0.30756956991255896,0.6924304300874414,churn
1133,4177,0,0.9858268069986376,0.01417319300136236,not_churn
1134,2842,0,0.8597857907813995,0.14021420921860073,not_churn
1135,2949,0,0.8132586734012099,0.18674132659878995,not_churn
1136,7035,0,0.9829367109745327,0.01706328902546753,not_churn
1137,6581,0,0.9734318757158935,0.026568124284106296,not_churn
1138,4760,0,0.9157588694983688,0.08424113050163137,not_churn
1139,1336,1,0.6081962194228939,0.39180378057710613,not_churn
1140,3878,0,0.9358452548676816,0.06415474513231798,not_churn
1141,4915,0,0.9218260603921169,0.07817393960788321,not_churn
1142,1325,1,0.3891140443179537,0.6108859556820463,churn
1143,5130,1,0.9390131472046874,0.06098685279531293,not_churn
1144,1194,1,0.29925006860907977,0.7007499313909205,churn
1145,2818,0,0.8033530347791931,0.19664696522080657,not_churn
1146,4231,0,0.9870107228448992,0.01298927715510065,not_churn
1147,6522,0,0.9685208822283683,0.03147911777163184,not_churn
1148,2957,1,0.3571499772523447,0.6428500227476553,churn
1149,3906,0,0.975041593897275,0.024958406102724925,not_churn
1150,5637,0,0.9918339739854166,0.00816602601458324,not_churn
1151,3381,0,0.7202945676766486,0.27970543232335177,not_churn
1152,6544,0,0.9449983424269546,0.05500165757304543,not_churn
1153,6236,0,0.8966324307464286,0.10336756925357138,not_churn
1154,6454,0,0.9776236234014523,0.022376376598547642,not_churn
1155,6770,0,0.9720923915287704,0.02790760847122966,not_churn
1156,6271,1,0.9506467293479324,0.04935327065206776,not_churn
1157,3190,0,0.85804104590706,0.14195895409293977,not_churn
1158,2779,1,0.8082300067607235,0.19176999323927635,not_churn
1159,3122,0,0.8459471463196369,0.1540528536803631,not_churn
1160,168,0,0.8961242772029414,0.10387572279705848,not_churn
1161,5532,0,0.9911374164723777,0.008862583527622427,not_churn
1162,6605,0,0.9437570103158112,0.05624298968418897,not_churn
1163,4755,0,0.8341227922482564,0.165877207751744,not_churn
1164,343,0,0.9066939999210163,0.09330600007898404,not_churn
1165,2380,1,0.5299071542936252,0.4700928457063748,not_churn
1166,159,1,0.858405380849418,0.1415946191505818,not_churn
1167,4902,0,0.9316033076123993,0.06839669238760043,not_churn
1168,41,0,0.7801435395008046,0.21985646049919494,not_churn
1169,2828,0,0.6400911491040461,0.35990885089595387,not_churn
1170,485,0,0.9146112269405086,0.08538877305949143,not_churn
1171,4895,1,0.8783948427339441,0.12160515726605604,not_churn
1172,797,0,0.5965293191590489,0.40347068084095095,not_churn
1173,4640,0,0.8471959721876035,0.15280402781239638,not_churn
1174,5157,0,0.9500406798674352,0.04995932013256543,not_churn
1175,3716,0,0.4185006816116568,0.5814993183883432,churn
1176,5273,0,0.9493199972568759,0.05068000274312467,not_churn
1177,6414,0,0.9461252231173229,0.053874776882677014,not_churn
1178,1879,1,0.37293873198847627,0.6270612680115237,churn
1179,2213,1,0.6160479387566227,0.38395206124337755,not_churn
1180,1415,0,0.7039029513832551,0.2960970486167451,not_churn
1181,731,1,0.599277429114023,0.4007225708859768,not_churn
1182,6108,0,0.9496697156810826,0.050330284318917125,not_churn
1183,5975,0,0.9932512727507885,0.006748727249211311,not_churn
1184,4088,0,0.9805861889442195,0.019413811055780588,not_churn
1185,1523,0,0.6381539360005379,0.36184606399946184,not_churn
1186,6952,0,0.9797313586446105,0.0202686413553898,not_churn
1187,4405,1,0.823784043015129,0.17621595698487116,not_churn
1188,5810,0,0.9966522464754184,0.0033477535245817836,not_churn
1189,2117,0,0.5613357323850167,0.4386642676149834,not_churn
1190,3839,0,0.8157082566354813,0.18429174336451853,not_churn
1191,5771,0,0.9924471297916552,0.0075528702083446685,not_churn
1192,687,1,0.37198108618414066,0.6280189138158594,churn
1193,1717,1,0.2658035398226602,0.7341964601773396,churn
1194,677,1,0.19594451238191407,0.8040554876180859,churn
1195,5203,0,0.9269281567369354,0.07307184326306453,not_churn
1196,4143,0,0.9851546708618651,0.014845329138134834,not_churn
1197,176,1,0.7609212811593822,0.2390787188406174,not_churn
1198,3588,0,0.6629511299457284,0.3370488700542718,not_churn
1199,5176,0,0.8546524040565453,0.14534759594345492,not_churn
1200,4155,0,0.9907071436563105,0.00929285634368923,not_churn
1201,547,0,0.6382477608117343,0.3617522391882658,not_churn
1202,5364,0,0.9878885431196849,0.012111456880314892,not_churn
1203,988,1,0.33284243297200417,0.6671575670279958,churn
1204,2424,1,0.3473352723265638,0.6526647276734362,churn
1205,3201,0,0.6525030908036021,0.34749690919639803,not_churn
1206,672,0,0.5173860769537127,0.4826139230462874,not_churn
1207,6313,0,0.9336533161157652,0.06634668388423516,not_churn
1208,2796,0,0.5223171694084607,0.4776828305915392,not_churn
1209,2508,0,0.4273651448343932,0.5726348551656067,churn
1210,7015,0,0.9675870572942729,0.032412942705727005,not_churn
1211,2745,0,0.8785892332576354,0.12141076674236445,not_churn
1212,487,0,0.9391338022562588,0.060866197743741274,not_churn
1213,858,1,0.25156426482327,0.7484357351767307,churn
1214,22,0,0.8648489844229786,0.1351510155770215,not_churn
1215,4300,0,0.9233755430118366,0.0766244569881636,not_churn
1216,5244,0,0.9639654952505414,0.03603450474945859,not_churn
1217,3920,0,0.9869440773059722,0.013055922694027795,not_churn
1218,5059,0,0.9457081650447057,0.0542918349552947,not_churn
1219,640,1,0.3161516751769462,0.683848324823054,churn
1220,6949,0,0.9504825351944749,0.04951746480552518,not_churn
1221,5106,0,0.8566235696835305,0.14337643031646954,not_churn
1222,3925,0,0.9779614974007245,0.02203850259927545,not_churn
1223,4284,0,0.9252404595057838,0.07475954049421625,not_churn
1224,7032,0,0.9785014263176004,0.021498573682399807,not_churn
1225,6435,0,0.9428392504814237,0.0571607495185765,not_churn
1226,3706,0,0.8673414159244436,0.13265858407555634,not_churn
1227,2505,1,0.5961051449909438,0.4038948550090561,not_churn
1228,2982,0,0.4484993486785052,0.5515006513214948,churn
1229,6924,1,0.9485622337650055,0.05143776623499435,not_churn
1230,5174,0,0.8883426471387337,0.11165735286126609,not_churn
1231,1289,0,0.6677226565231584,0.33227734347684185,not_churn
1232,1188,1,0.4988444122682561,0.501155587731744,churn
1233,1898,1,0.5163867643672659,0.48361323563273406,not_churn
1234,2280,1,0.5712973014704837,0.4287026985295163,not_churn
1235,5153,1,0.9354884237903828,0.06451157620961724,not_churn
1236,1082,1,0.6863565536503144,0.31364344634968533,not_churn
1237,2201,1,0.3225609906332459,0.6774390093667543,churn
1238,3419,0,0.7435877936792551,0.25641220632074524,not_churn
1239,5931,0,0.9932749482967695,0.006725051703230572,not_churn
1240,2027,1,0.7248928201571428,0.2751071798428572,not_churn
1241,4954,0,0.959723192076831,0.04027680792316917,not_churn
1242,6179,0,0.8932767277418902,0.1067232722581102,not_churn
1243,2426,1,0.5020433770646489,0.49795662293535126,not_churn
1244,6592,0,0.9153368395753471,0.0846631604246531,not_churn
1245,676,0,0.45166905195927126,0.5483309480407287,churn
1246,6946,0,0.9768518899635953,0.023148110036404664,not_churn
1247,4573,1,0.8585575628798336,0.14144243712016655,not_churn
1248,3450,0,0.8293383028546836,0.17066169714531657,not_churn
1249,3505,0,0.4462362726936947,0.5537637273063053,churn
1250,3350,0,0.7681360542895429,0.2318639457104572,not_churn
1251,5904,0,0.9940043666234444,0.005995633376555521,not_churn
1252,578,0,0.29718655041124004,0.7028134495887604,churn
1253,7018,0,0.9834357468116758,0.01656425318832451,not_churn
1254,5762,0,0.9861598951158627,0.01384010488413718,not_churn
1255,4991,0,0.9070326065410278,0.0929673934589722,not_churn
1256,1510,0,0.4468473639063542,0.553152636093646,churn
1257,2466,0,0.5323120741884945,0.4676879258115054,not_churn
1258,4463,0,0.8564596256575292,0.1435403743424705,not_churn
1259,6243,0,0.9504007036944897,0.04959929630551036,not_churn
1260,178,0,0.8445860894094415,0.1554139105905585,not_churn
1261,4475,0,0.9120917462813337,0.08790825371866622,not_churn
1262,4330,0,0.8964526461366503,0.10354735386334984,not_churn
1263,1132,0,0.359015261740475,0.640984738259525,churn
1264,1897,1,0.5518013154479714,0.4481986845520287,not_churn
1265,5458,0,0.9924354999513314,0.007564500048668453,not_churn
1266,1486,1,0.5328922394821083,0.46710776051789155,not_churn
1267,5327,0,0.9392006241178086,0.06079937588219178,not_churn
1268,818,0,0.6250548813752408,0.37494511862475915,not_churn
1269,612,0,0.5044203920769792,0.49557960792302064,not_churn
1270,6067,0,0.9630341850835197,0.036965814916480544,not_churn
1271,3881,0,0.9823940500432897,0.0176059499567102,not_churn
1272,533,0,0.6638851298800145,0.33611487011998514,not_churn
1273,951,0,0.29199060062694193,0.7080093993730584,churn
1274,2403,1,0.18546092357526386,0.8145390764247358,churn
1275,470,0,0.8432006672272674,0.15679933277273242,not_churn
1276,2320,1,0.5161042783916429,0.4838957216083572,not_churn
1277,3023,0,0.8461238742429277,0.15387612575707244,not_churn
1278,1481,0,0.8150157364489763,0.18498426355102368,not_churn
1279,1597,1,0.2653084774570526,0.7346915225429477,churn
1280,5884,0,0.9925459214847162,0.007454078515283683,not_churn
1281,5922,0,0.9898260474033418,0.010173952596658042,not_churn
1282,4124,0,0.9614715885867375,0.03852841141326283,not_churn
1283,2005,0,0.33553409417710006,0.6644659058228999,churn
1284,3116,0,0.792709402727925,0.2072905972720748,not_churn
1285,3998,0,0.9799938916535875,0.020006108346412504,not_churn
1286,5446,0,0.9856944449557448,0.014305555044255536,not_churn
1287,2082,1,0.23797112472537202,0.7620288752746284,churn
1288,5268,1,0.8890561454579229,0.110943854542077,not_churn
1289,557,0,0.4649590944921967,0.5350409055078034,churn
1290,2689,0,0.48868189110330706,0.5113181088966932,churn
1291,5448,0,0.9947931593646812,0.005206840635318816,not_churn
1292,6733,0,0.9539499444319426,0.046050055568057476,not_churn
1293,6934,0,0.9726088891630039,0.027391110836996285,not_churn
1294,39,1,0.8389792247431329,0.16102077525686695,not_churn
1295,6564,0,0.9548232662583606,0.04517673374163946,not_churn
1296,3867,0,0.8052231531596538,0.19477684684034643,not_churn
1297,2650,1,0.316751763970327,0.6832482360296734,churn
1298,4923,0,0.8988737284479348,0.101126271552065,not_churn
1299,6699,0,0.9527816670123053,0.0472183329876949,not_churn
1300,3643,0,0.7295183773452305,0.2704816226547693,not_churn
1301,4297,0,0.8095101703275995,0.1904898296724008,not_churn
1302,3399,0,0.9140008623298437,0.08599913767015639,not_churn
1303,6982,0,0.9724054618104111,0.027594538189588742,not_churn
1304,3383,0,0.43018129931675625,0.5698187006832438,churn
1305,3630,0,0.842337944910047,0.15766205508995312,not_churn
1306,4058,0,0.9841292574143212,0.01587074258567904,not_churn
1307,1150,0,0.5349318751482358,0.46506812485176424,not_churn
1308,2409,1,0.501068543233736,0.49893145676626405,not_churn
1309,3163,1,0.42344470581181093,0.5765552941881892,churn
1310,6519,0,0.9799485392191292,0.02005146078087079,not_churn
1311,4098,0,0.9907954531580878,0.009204546841912168,not_churn
1312,1097,1,0.43804341100557126,0.5619565889944289,churn
1313,1556,0,0.2805913825405554,0.7194086174594447,churn
1314,563,0,0.3813607491203036,0.6186392508796962,churn
1315,6421,0,0.9718497999884719,0.02815020001152808,not_churn
1316,1161,1,0.30690783903657504,0.693092160963425,churn
1317,3485,0,0.9215457994973186,0.07845420050268118,not_churn
1318,5000,0,0.9387414408930583,0.061258559106942084,not_churn
1319,3230,1,0.8136933576753074,0.1863066423246924,not_churn
1320,5936,0,0.9802601449390768,0.019739855060923087,not_churn
1321,5694,0,0.994438647496953,0.005561352503046896,not_churn
1322,2880,1,0.8102904262614071,0.18970957373859285,not_churn
1323,2882,0,0.8598596317851603,0.14014036821483955,not_churn
1324,4437,0,0.7123124839406995,0.28768751605930043,not_churn
1325,5285,0,0.8959240971633102,0.10407590283668991,not_churn
1326,5583,0,0.9942501275542334,0.005749872445766368,not_churn
1327,3061,0,0.44050282483580794,0.5594971751641921,churn
1328,5580,0,0.9845550279784285,0.015444972021571546,not_churn
1329,5197,0,0.9451191069503256,0.05488089304967465,not_churn
1330,161,1,0.6900048511177093,0.30999514888229085,not_churn
1331,2706,0,0.685450009293598,0.3145499907064021,not_churn
1332,540,0,0.5453307909159159,0.45466920908408404,not_churn
1333,356,1,0.7511027394653489,0.24889726053465103,not_churn
1334,1102,0,0.4823300160643229,0.5176699839356772,churn
1335,6536,0,0.9675268871057159,0.032473112894284006,not_churn
1336,488,0,0.8616633599763819,0.138336640023618,not_churn
1337,1485,1,0.30607555360883926,0.6939244463911608,churn
1338,2732,1,0.7458197420848187,0.25418025791518123,not_churn
1339,1724,0,0.5849257765874897,0.41507422341251027,not_churn
1340,6097,0,0.9686527903894004,0.03134720961059937,not_churn
1341,6152,0,0.8819112662265813,0.11808873377341865,not_churn
1342,829,1,0.4076059302986663,0.5923940697013335,churn
1343,3300,1,0.6818117385404777,0.318188261459522,not_churn
1344,5830,0,0.9890306964273726,0.010969303572627652,not_churn
1345,3296,1,0.5159674443769616,0.4840325556230383,not_churn
1346,235,1,0.8063519782546804,0.19364802174531917,not_churn
1347,4198,0,0.9898309383628799,0.010169061637120025,not_churn
1348,740,1,0.34366240898240524,0.6563375910175944,churn
1349,2476,1,0.16269341240101112,0.8373065875989887,churn
1350,5891,0,0.988533867139844,0.011466132860156292,not_churn
1351,1068,1,0.22706374269143662,0.7729362573085637,churn
1352,5929,0,0.9924490980014444,0.007550901998555525,not_churn
1353,897,1,0.23105083914770483,0.7689491608522951,churn
1354,2579,0,0.3120916558851197,0.6879083441148803,churn
1355,796,0,0.5317937079153002,0.4682062920846997,not_churn
1356,4,0,0.8581747828756814,0.141825217124319,not_churn
1357,5977,0,0.9933877668059802,0.006612233194019641,not_churn
1358,6037,0,0.8881455544009726,0.11185444559902717,not_churn
1359,1516,1,0.21575230442084206,0.7842476955791579,churn
1360,1321,0,0.5365445516989368,0.4634554483010633,not_churn
1361,2416,1,0.46132872824335225,0.5386712717566479,churn
1362,3011,0,0.5246035334019375,0.47539646659806245,not_churn
1363,5479,0,0.9476121669182372,0.05238783308176258,not_churn
1364,1799,1,0.3106179703890368,0.6893820296109631,churn
1365,5969,0,0.9893521084521468,0.010647891547852928,not_churn
1366,6875,0,0.9774406900759908,0.022559309924009188,not_churn
1367,2270,0,0.37600675674333867,0.6239932432566614,churn
1368,3007,0,0.6546174890610472,0.34538251093895284,not_churn
1369,2364,1,0.43792017795805277,0.5620798220419473,churn
1370,5995,0,0.888487517603796,0.11151248239620407,not_churn
1371,5270,0,0.9282574237349028,0.07174257626509754,not_churn
1372,1730,1,0.5493396015385027,0.45066039846149764,not_churn
1373,4065,0,0.9922942739972319,0.007705726002767985,not_churn
1374,5438,0,0.984360650708866,0.015639349291133874,not_churn
1375,2591,1,0.27926510052307224,0.7207348994769276,churn
1376,6322,0,0.8762624886957826,0.12373751130421734,not_churn
1377,4502,0,0.855968111585979,0.14403188841402126,not_churn
1378,5926,0,0.9898683608745293,0.010131639125470935,not_churn
1379,1204,0,0.5385598129594346,0.46144018704056533,not_churn
1380,46,0,0.9446658918043958,0.05533410819560445,not_churn
1381,4091,0,0.9818856579785051,0.018114342021495037,not_churn
1382,3408,1,0.5157898471545653,0.48421015284543467,not_churn
1383,4414,0,0.8857656108513605,0.11423438914863997,not_churn
1384,1444,1,0.42711251543661327,0.5728874845633868,churn
1385,166,0,0.8034814842180755,0.19651851578192478,not_churn
1386,4374,0,0.8599318487298947,0.1400681512701053,not_churn
1387,6684,0,0.9771499019994448,0.022850098000555142,not_churn
1388,6121,0,0.9099197692973032,0.09008023070269665,not_churn
1389,6048,1,0.9071270121753172,0.09287298782468274,not_churn
1390,845,1,0.2901993653835316,0.7098006346164683,churn
1391,2104,0,0.5176324288192812,0.48236757118071877,not_churn
1392,4860,0,0.9300508917565318,0.06994910824346783,not_churn
1393,3619,1,0.42815114350079325,0.5718488564992067,churn
1394,411,0,0.8339968230465205,0.1660031769534794,not_churn
1395,5256,0,0.8524859418193956,0.14751405818060412,not_churn
1396,2648,0,0.4828237983268966,0.5171762016731035,churn
1397,2730,0,0.6460027982215355,0.35399720177846433,not_churn
1398,4041,0,0.9658067051778915,0.034193294822108575,not_churn
1399,3277,1,0.8010093453537919,0.19899065464620855,not_churn
1400,5277,0,0.9477596468956068,0.052240353104393206,not_churn
1401,6901,0,0.9188487492243707,0.08115125077562968,not_churn
1402,650,1,0.4329413424313999,0.5670586575686002,churn
1403,4589,0,0.7052630281392841,0.2947369718607159,not_churn
1404,1971,1,0.5182087854016985,0.48179121459830154,not_churn
1405,325,0,0.7206717170224937,0.2793282829775064,not_churn
1406,4356,0,0.9052692418050705,0.09473075819492953,not_churn
